,Name,ID,Year,Team,PA,POS,xwOBA_percentile,xBA_percentile,xSLG_percentile,xISO_percentile,xOBP_percentile,Barrel_percentile,Barrel%_percentile,ExitVelocity_percentile,HardHit%_percentile,K%_percentile,BB%_percentile,Whiff%_percentile,SprintSpeed_percentile,OAA_percentile,wOBA,xwOBA,xwOBA_minus_wOBA,BA,xBA,xBA_minus_BA,SLG,xSLG,xSLG_minus_SLG,K%,BB%,SwStr%,HardHit%,Barrel%,AvgExitVelo,MaxExitVelo,OAA,Spd,wRC+,WAR
0,Trea Turner,607208,2021,- - -,646.0,SS,85.0,98.0,80.0,55.0,81.0,69.0,40.0,54.0,77.0,74.0,15.0,64.0,100.0,82.0,0.386,0.362,0.024,0.328,0.303,0.025,0.536,0.484,0.052,0.17,0.063,0.102,0.46,7.4,89.6,112.2,3.0,6.4,142,6.9
1,Vladimir Guerrero Jr.,665489,2021,TOR,698.0,1B,99.0,98.0,98.0,95.0,98.0,100.0,90.0,99.0,98.0,82.0,87.0,28.0,45.0,17.0,0.419,0.416,0.003,0.311,0.306,0.005,0.601,0.591,0.01,0.158,0.12300000000000001,0.124,0.552,15.1,95.1,117.4,-3.0,3.1,166,6.7
2,Marcus Semien,543760,2021,TOR,724.0,SS,55.0,35.0,66.0,72.0,38.0,86.0,65.0,60.0,52.0,58.0,54.0,72.0,87.0,89.0,0.368,0.331,0.037,0.265,0.244,0.021,0.538,0.453,0.085,0.20199999999999999,0.091,0.087,0.413,9.8,89.7,109.5,5.0,5.3,131,6.6
3,Juan Soto,665742,2021,WSN,654.0,LF,100.0,97.0,92.0,85.0,100.0,90.0,84.0,94.0,94.0,90.0,100.0,80.0,52.0,86.0,0.42,0.43,-0.01,0.313,0.304,0.009,0.534,0.544,-0.01,0.142,0.222,0.063,0.524,13.3,93.0,116.6,4.0,3.5,163,6.6
4,Bryce Harper,547180,2021,PHI,599.0,RF,99.0,97.0,99.0,97.0,99.0,97.0,97.0,90.0,91.0,43.0,99.0,11.0,69.0,9.0,0.431,0.43,0.001,0.309,0.301,0.008,0.615,0.61,0.005,0.22399999999999998,0.16699999999999998,0.14400000000000002,0.49200000000000005,18.1,92.5,116.3,-5.0,4.3,170,6.6
5,Jose Ramirez,608070,2021,CLE,636.0,3B,87.0,86.0,84.0,78.0,90.0,87.0,72.0,67.0,61.0,92.0,81.0,94.0,77.0,94.0,0.372,0.374,-0.002,0.266,0.281,-0.015,0.538,0.505,0.033,0.13699999999999998,0.113,0.055999999999999994,0.423,11.1,90.0,112.6,7.0,7.0,137,6.3
6,Fernando Tatis Jr.,665487,2021,SDP,546.0,SS,97.0,88.0,100.0,100.0,87.0,99.0,99.0,98.0,98.0,13.0,81.0,3.0,96.0,63.0,0.403,0.406,-0.003,0.282,0.279,0.003,0.611,0.618,-0.007,0.28,0.114,0.168,0.556,21.3,93.9,116.6,1.0,5.3,156,6.1
7,Carlos Correa,621043,2021,HOU,640.0,SS,88.0,95.0,78.0,58.0,94.0,75.0,60.0,72.0,64.0,72.0,84.0,74.0,48.0,98.0,0.364,0.373,-0.009,0.279,0.296,-0.017,0.485,0.482,0.003,0.18100000000000002,0.11699999999999999,0.08199999999999999,0.425,9.4,90.2,116.4,12.0,2.4,134,5.8
8,Aaron Judge,592450,2021,NYY,633.0,RF,97.0,97.0,97.0,94.0,97.0,98.0,96.0,100.0,100.0,25.0,85.0,23.0,63.0,41.0,0.387,0.416,-0.029,0.287,0.306,-0.019,0.544,0.591,-0.047,0.25,0.11800000000000001,0.113,0.579,17.6,95.8,119.0,-1.0,2.9,148,5.5
9,Starling Marte,516782,2021,- - -,526.0,CF,72.0,86.0,58.0,40.0,81.0,54.0,49.0,21.0,39.0,67.0,40.0,51.0,84.0,82.0,0.364,0.347,0.017,0.31,0.277,0.033,0.458,0.438,0.02,0.188,0.08199999999999999,0.10800000000000001,0.39399999999999996,8.4,87.6,112.9,3.0,7.8,134,5.5
10,Bryan Reynolds,668804,2021,PIT,646.0,CF,91.0,92.0,88.0,79.0,94.0,80.0,67.0,50.0,45.0,70.0,83.0,56.0,88.0,96.0,0.385,0.385,0.0,0.302,0.293,0.009,0.522,0.522,0.0,0.184,0.11599999999999999,0.10800000000000001,0.408,10.4,89.4,112.7,10.0,5.1,142,5.5
11,Brandon Crawford,543063,2021,SFG,549.0,SS,79.0,63.0,82.0,82.0,67.0,78.0,77.0,38.0,67.0,65.0,67.0,21.0,25.0,99.0,0.377,0.356,0.021,0.298,0.259,0.039,0.522,0.492,0.03,0.191,0.102,0.142,0.431,11.5,88.8,109.8,15.0,5.1,139,5.5
12,Tyler O'Neill,641933,2021,STL,537.0,LF,93.0,86.0,96.0,97.0,73.0,93.0,97.0,95.0,93.0,4.0,26.0,4.0,98.0,82.0,0.384,0.391,-0.007,0.286,0.279,0.007,0.56,0.583,-0.023,0.313,0.071,0.162,0.522,17.9,93.0,113.1,3.0,5.8,145,5.4
13,Cedric Mullins,656775,2021,BAL,675.0,CF,67.0,76.0,62.0,49.0,67.0,73.0,47.0,48.0,36.0,69.0,47.0,77.0,86.0,96.0,0.371,0.344,0.027,0.291,0.272,0.019,0.518,0.447,0.071,0.185,0.087,0.08199999999999999,0.391,8.1,89.4,109.7,10.0,6.1,136,5.3
14,Jose Altuve,514888,2021,HOU,678.0,2B,55.0,63.0,46.0,39.0,63.0,59.0,30.0,21.0,22.0,94.0,62.0,92.0,73.0,89.0,0.357,0.332,0.025,0.278,0.261,0.017,0.489,0.42,0.069,0.134,0.09699999999999999,0.07,0.344,6.4,87.6,109.1,5.0,3.7,130,5.2
15,Brandon Lowe,664040,2021,TBR,615.0,2B,80.0,45.0,82.0,88.0,67.0,87.0,87.0,52.0,67.0,15.0,78.0,7.0,64.0,5.0,0.363,0.36,0.003,0.247,0.249,-0.002,0.523,0.499,0.024,0.272,0.111,0.161,0.431,14.0,89.3,111.2,-6.0,3.8,137,5.2
16,Xander Bogaerts,593428,2021,BOS,603.0,SS,72.0,77.0,64.0,51.0,77.0,73.0,60.0,54.0,66.0,68.0,69.0,70.0,67.0,1.0,0.368,0.358,0.01,0.295,0.279,0.016,0.493,0.467,0.026,0.187,0.10300000000000001,0.09300000000000001,0.43,9.7,89.6,113.6,-10.0,3.8,130,5.2
17,Shohei Ohtani,660271,2021,LAA,639.0,,96.0,70.0,99.0,100.0,94.0,100.0,100.0,99.0,97.0,7.0,98.0,3.0,91.0,,0.393,0.408,-0.015,0.257,0.268,-0.011,0.592,0.612,-0.02,0.29600000000000004,0.15,0.15,0.534,22.3,93.9,119.0,,6.9,152,5.1
18,Matt Olson,621566,2021,OAK,673.0,1B,90.0,71.0,86.0,87.0,94.0,94.0,83.0,87.0,88.0,76.0,92.0,64.0,27.0,63.0,0.379,0.379,-0.0,0.271,0.264,0.007,0.54,0.506,0.034,0.168,0.131,0.10099999999999999,0.484,12.7,91.6,115.3,1.0,2.8,146,5.0
19,Paul Goldschmidt,502671,2021,STL,679.0,1B,94.0,93.0,95.0,94.0,87.0,97.0,86.0,92.0,91.0,60.0,65.0,45.0,33.0,92.0,0.373,0.396,-0.023,0.294,0.293,0.001,0.514,0.574,-0.06,0.2,0.099,0.099,0.502,13.6,92.6,112.2,6.0,5.0,138,4.9
20,Max Muncy,571970,2021,LAD,592.0,1B,96.0,72.0,95.0,98.0,95.0,94.0,91.0,81.0,78.0,57.0,96.0,61.0,42.0,89.0,0.379,0.406,-0.027,0.249,0.271,-0.022,0.527,0.581,-0.054,0.203,0.14,0.083,0.46299999999999997,16.1,91.2,112.3,5.0,3.6,140,4.9
21,Bo Bichette,666182,2021,TOR,690.0,SS,75.0,93.0,79.0,64.0,60.0,84.0,64.0,85.0,83.0,61.0,13.0,69.0,74.0,5.0,0.354,0.354,-0.0,0.298,0.291,0.007,0.484,0.489,-0.005,0.19899999999999998,0.057999999999999996,0.11599999999999999,0.475,9.9,91.4,115.5,-6.0,6.0,122,4.9
22,Buster Posey,457763,2021,SFG,454.0,,82.0,90.0,77.0,60.0,91.0,40.0,47.0,35.0,39.0,64.0,87.0,56.0,10.0,,0.379,0.361,0.018,0.304,0.281,0.023,0.499,0.469,0.03,0.192,0.12300000000000001,0.098,0.39,8.1,88.5,109.2,,1.5,140,4.9
23,Kyle Tucker,663656,2021,HOU,567.0,RF,95.0,99.0,97.0,92.0,93.0,84.0,76.0,85.0,82.0,81.0,57.0,77.0,60.0,89.0,0.381,0.399,-0.018,0.294,0.307,-0.013,0.557,0.58,-0.023,0.159,0.09300000000000001,0.094,0.47,11.6,91.4,111.1,5.0,5.3,147,4.8
24,Rafael Devers,646240,2021,BOS,664.0,3B,91.0,86.0,93.0,90.0,80.0,97.0,89.0,93.0,92.0,49.0,57.0,29.0,48.0,0.0,0.373,0.392,-0.019,0.279,0.291,-0.012,0.538,0.568,-0.03,0.215,0.09300000000000001,0.138,0.515,15.0,92.9,114.4,-13.0,3.2,134,4.7
25,Will Smith,669257,2021,LAD,501.0,,82.0,43.0,76.0,78.0,86.0,65.0,72.0,70.0,71.0,58.0,83.0,74.0,68.0,,0.364,0.363,0.001,0.258,0.25,0.008,0.495,0.472,0.023,0.20199999999999999,0.11599999999999999,0.083,0.43799999999999994,10.8,90.1,108.6,,4.1,130,4.6
26,Freddie Freeman,518692,2021,ATL,695.0,1B,98.0,100.0,97.0,90.0,98.0,94.0,77.0,87.0,77.0,86.0,87.0,74.0,49.0,86.0,0.379,0.416,-0.037,0.3,0.319,-0.019,0.503,0.582,-0.079,0.154,0.122,0.09699999999999999,0.457,11.5,91.4,113.6,3.0,4.3,135,4.5
27,Yoan Moncada,660162,2021,CHW,616.0,3B,74.0,58.0,47.0,42.0,90.0,50.0,48.0,68.0,51.0,23.0,94.0,26.0,68.0,22.0,0.347,0.351,-0.004,0.263,0.259,0.004,0.412,0.422,-0.01,0.255,0.136,0.11,0.405,8.2,90.1,113.8,-2.0,2.8,122,4.5
28,Mike Zunino,572287,2021,TBR,375.0,,78.0,9.0,91.0,99.0,24.0,84.0,100.0,78.0,82.0,0.0,54.0,1.0,29.0,,0.358,0.354,0.004,0.216,0.22,-0.004,0.559,0.535,0.024,0.35200000000000004,0.091,0.17,0.465,24.3,90.7,117.3,,3.7,134,4.5
29,Nicky Lopez,670032,2021,KCR,565.0,SS,9.0,29.0,2.0,1.0,34.0,1.0,1.0,12.0,4.0,96.0,47.0,93.0,79.0,100.0,0.329,0.283,0.046,0.3,0.239,0.061,0.378,0.304,0.074,0.131,0.087,0.06,0.265,0.7,86.8,107.9,25.0,7.1,106,4.4
30,Manny Machado,592518,2021,SDP,640.0,3B,91.0,95.0,90.0,83.0,89.0,96.0,84.0,95.0,93.0,81.0,63.0,64.0,37.0,74.0,0.35,0.38,-0.03,0.278,0.294,-0.016,0.489,0.53,-0.041,0.159,0.098,0.10099999999999999,0.52,13.3,93.1,119.6,2.0,4.7,122,4.4
31,J.T. Realmuto,592663,2021,PHI,537.0,,51.0,51.0,43.0,42.0,59.0,50.0,52.0,58.0,72.0,31.0,50.0,33.0,91.0,,0.336,0.329,0.007,0.263,0.253,0.01,0.439,0.416,0.023,0.24,0.08900000000000001,0.122,0.447,8.6,89.6,111.2,,5.5,108,4.4
32,Jake Cronenworth,630105,2021,SDP,643.0,2B,68.0,85.0,59.0,42.0,77.0,61.0,36.0,35.0,21.0,90.0,45.0,97.0,86.0,63.0,0.338,0.344,-0.006,0.266,0.28,-0.014,0.46,0.446,0.014,0.14,0.086,0.054000000000000006,0.34600000000000003,7.2,88.6,110.8,1.0,4.9,116,4.4
33,Tim Anderson,641313,2021,CHW,551.0,SS,49.0,89.0,61.0,41.0,32.0,56.0,44.0,54.0,58.0,48.0,1.0,39.0,74.0,82.0,0.345,0.325,0.02,0.309,0.28,0.029,0.469,0.442,0.027,0.21600000000000003,0.04,0.139,0.418,7.8,89.6,110.2,3.0,5.8,120,4.3
34,Nick Castellanos,592206,2021,CIN,585.0,RF,89.0,94.0,91.0,87.0,75.0,78.0,70.0,64.0,79.0,54.0,25.0,15.0,64.0,5.0,0.391,0.374,0.017,0.309,0.293,0.016,0.576,0.535,0.041,0.207,0.07,0.16,0.469,10.6,89.8,111.9,-6.0,3.5,140,4.2
35,Ozzie Albies,645277,2021,ATL,686.0,2B,54.0,58.0,73.0,68.0,32.0,81.0,59.0,58.0,30.0,68.0,23.0,45.0,83.0,41.0,0.336,0.332,0.004,0.259,0.259,0.0,0.488,0.464,0.024,0.187,0.069,0.133,0.368,9.3,89.6,111.4,0.0,6.8,107,4.2
36,Austin Riley,663586,2021,ATL,662.0,3B,81.0,83.0,85.0,81.0,67.0,90.0,83.0,67.0,74.0,23.0,36.0,25.0,69.0,9.0,0.379,0.364,0.015,0.303,0.279,0.024,0.531,0.509,0.022,0.254,0.079,0.131,0.456,13.3,90.1,114.2,-5.0,2.0,135,4.2
37,Ronald Acuna Jr.,660670,2021,ATL,360.0,CF,100.0,95.0,99.0,98.0,99.0,78.0,99.0,97.0,97.0,34.0,94.0,30.0,97.0,,0.412,0.427,-0.015,0.283,0.294,-0.011,0.596,0.605,-0.009,0.23600000000000002,0.136,0.107,0.539,20.3,93.8,117.9,0.0,6.1,157,4.2
38,Willy Adames,642715,2021,- - -,555.0,SS,47.0,24.0,58.0,68.0,34.0,73.0,76.0,54.0,74.0,11.0,69.0,9.0,73.0,3.0,0.349,0.326,0.023,0.262,0.236,0.026,0.481,0.438,0.043,0.281,0.10300000000000001,0.149,0.447,11.4,89.5,112.5,-9.0,3.3,119,4.1
39,Nolan Arenado,571448,2021,STL,653.0,3B,32.0,47.0,48.0,48.0,29.0,61.0,33.0,42.0,32.0,88.0,33.0,86.0,22.0,96.0,0.336,0.312,0.024,0.255,0.248,0.007,0.494,0.42,0.074,0.147,0.077,0.078,0.371,6.7,89.0,110.6,10.0,3.3,113,4.0
40,Justin Turner,457759,2021,LAD,612.0,3B,78.0,74.0,74.0,66.0,81.0,65.0,45.0,78.0,61.0,80.0,66.0,88.0,22.0,41.0,0.358,0.359,-0.001,0.278,0.27,0.008,0.471,0.469,0.002,0.16,0.1,0.071,0.42200000000000004,7.9,90.9,109.8,0.0,2.9,127,4.0
41,Jonathan India,663697,2021,CIN,631.0,2B,79.0,63.0,61.0,56.0,90.0,71.0,62.0,22.0,36.0,44.0,81.0,43.0,86.0,4.0,0.363,0.355,0.008,0.269,0.259,0.01,0.459,0.442,0.017,0.223,0.113,0.08900000000000001,0.381,9.6,87.6,110.2,-7.0,5.1,122,3.9
42,Enrique Hernandez,571771,2021,BOS,585.0,2B,61.0,32.0,58.0,66.0,55.0,61.0,49.0,77.0,67.0,67.0,70.0,60.0,60.0,94.0,0.338,0.347,-0.009,0.25,0.253,-0.003,0.449,0.455,-0.006,0.188,0.10400000000000001,0.099,0.43200000000000005,8.4,90.8,111.3,7.0,3.6,110,3.9
43,Mookie Betts,605141,2021,LAD,550.0,RF,77.0,62.0,59.0,54.0,88.0,50.0,44.0,70.0,47.0,84.0,89.0,91.0,53.0,22.0,0.365,0.356,0.009,0.264,0.262,0.002,0.487,0.443,0.044,0.156,0.124,0.061,0.413,7.8,90.3,107.9,-2.0,5.4,131,3.9
44,Teoscar Hernandez,606192,2021,TOR,595.0,RF,86.0,89.0,90.0,87.0,58.0,90.0,86.0,88.0,88.0,26.0,14.0,11.0,85.0,41.0,0.369,0.367,0.002,0.296,0.282,0.014,0.524,0.533,-0.009,0.249,0.061,0.154,0.488,13.9,91.8,115.7,0.0,4.1,132,3.9
45,Jorge Polanco,593871,2021,MIN,644.0,SS,71.0,72.0,79.0,77.0,48.0,84.0,65.0,48.0,31.0,70.0,25.0,81.0,73.0,13.0,0.349,0.347,0.002,0.269,0.267,0.002,0.503,0.487,0.016,0.183,0.07,0.091,0.368,10.1,89.4,109.9,-4.0,4.7,122,3.9
46,Yordan Alvarez,670541,2021,HOU,598.0,LF,93.0,88.0,95.0,96.0,77.0,96.0,93.0,97.0,97.0,30.0,42.0,68.0,34.0,,0.369,0.389,-0.02,0.277,0.279,-0.002,0.531,0.57,-0.039,0.242,0.084,0.09,0.542,15.9,93.2,116.4,-1.0,2.9,138,3.7
47,Corey Seager,608369,2021,LAD,409.0,SS,94.0,94.0,90.0,83.0,97.0,69.0,82.0,80.0,89.0,79.0,84.0,26.0,39.0,5.0,0.389,0.393,-0.004,0.306,0.295,0.011,0.521,0.53,-0.009,0.161,0.11699999999999999,0.14,0.49,12.4,91.0,115.3,-6.0,3.3,147,3.7
48,Myles Straw,664702,2021,- - -,638.0,CF,22.0,57.0,7.0,3.0,60.0,3.0,3.0,15.0,3.0,65.0,71.0,97.0,96.0,97.0,0.311,0.306,0.005,0.271,0.26,0.011,0.348,0.337,0.011,0.19,0.105,0.046,0.259,1.3,87.1,109.8,11.0,5.4,98,3.7
49,Yasmani Grandal,518735,2021,CHW,375.0,,98.0,61.0,86.0,89.0,100.0,44.0,84.0,95.0,96.0,46.0,100.0,47.0,7.0,,0.402,0.414,-0.012,0.24,0.258,-0.018,0.52,0.506,0.014,0.21899999999999997,0.23199999999999998,0.073,0.532,13.3,93.1,112.0,,1.3,159,3.7
50,Javier Baez,595879,2021,- - -,547.0,SS,48.0,32.0,68.0,75.0,15.0,77.0,85.0,68.0,73.0,3.0,6.0,0.0,86.0,82.0,0.343,0.324,0.019,0.265,0.241,0.024,0.494,0.455,0.039,0.336,0.051,0.217,0.45,13.4,90.1,116.7,3.0,5.9,116,3.6
51,Joey Votto,458015,2021,CIN,533.0,1B,96.0,82.0,98.0,99.0,95.0,90.0,94.0,94.0,96.0,32.0,97.0,20.0,19.0,41.0,0.391,0.406,-0.015,0.266,0.274,-0.008,0.563,0.592,-0.029,0.23800000000000002,0.14400000000000002,0.11599999999999999,0.532,17.2,92.9,114.1,0.0,2.2,140,3.6
52,Kris Bryant,592178,2021,- - -,586.0,3B,71.0,66.0,65.0,62.0,75.0,73.0,68.0,30.0,42.0,39.0,71.0,27.0,72.0,1.0,0.356,0.346,0.01,0.265,0.26,0.005,0.481,0.449,0.032,0.23,0.106,0.126,0.397,10.3,88.2,110.4,-10.0,4.8,123,3.6
53,Ty France,664034,2021,SEA,650.0,1B,71.0,77.0,57.0,45.0,79.0,56.0,33.0,35.0,36.0,78.0,26.0,84.0,21.0,17.0,0.353,0.345,0.008,0.291,0.269,0.022,0.445,0.435,0.01,0.163,0.071,0.087,0.389,6.8,88.5,111.1,-3.0,1.9,129,3.5
54,Brandon Nimmo,607043,2021,NYM,386.0,CF,74.0,80.0,31.0,16.0,96.0,10.0,13.0,48.0,51.0,57.0,96.0,68.0,92.0,86.0,0.369,0.349,0.02,0.292,0.271,0.021,0.437,0.389,0.048,0.205,0.14,0.081,0.41100000000000003,4.0,89.3,111.5,4.0,4.3,137,3.5
55,Trevor Story,596115,2021,COL,595.0,SS,61.0,39.0,64.0,70.0,52.0,71.0,64.0,74.0,61.0,35.0,50.0,31.0,89.0,5.0,0.341,0.333,0.008,0.251,0.245,0.006,0.471,0.451,0.02,0.23399999999999999,0.08900000000000001,0.129,0.426,9.9,90.6,111.0,-6.0,6.7,100,3.5
56,Joey Gallo,608336,2021,- - -,616.0,RF,74.0,1.0,67.0,89.0,77.0,87.0,97.0,87.0,74.0,1.0,99.0,1.0,59.0,92.0,0.348,0.354,-0.006,0.199,0.202,-0.003,0.458,0.464,-0.006,0.34600000000000003,0.18,0.14800000000000002,0.455,18.5,91.5,115.1,6.0,4.2,123,3.5
57,Yuli Gurriel,493329,2021,HOU,605.0,1B,49.0,79.0,28.0,14.0,74.0,18.0,10.0,64.0,57.0,98.0,63.0,97.0,50.0,29.0,0.363,0.326,0.037,0.319,0.271,0.048,0.462,0.386,0.076,0.11199999999999999,0.098,0.051,0.414,3.4,89.8,109.1,0.0,2.0,134,3.4
58,Matt Chapman,656305,2021,OAK,622.0,3B,44.0,3.0,50.0,75.0,38.0,81.0,87.0,58.0,53.0,3.0,91.0,8.0,76.0,99.0,0.311,0.321,-0.01,0.21,0.209,0.001,0.403,0.422,-0.019,0.325,0.129,0.132,0.41700000000000004,13.7,89.7,113.3,17.0,3.6,101,3.4
59,Adam Frazier,624428,2021,- - -,639.0,2B,42.0,91.0,22.0,5.0,75.0,2.0,2.0,3.0,2.0,98.0,30.0,98.0,53.0,63.0,0.341,0.323,0.018,0.305,0.287,0.018,0.411,0.374,0.037,0.10800000000000001,0.075,0.054000000000000006,0.25,1.0,85.4,108.7,1.0,4.8,114,3.4
60,Harrison Bader,664056,2021,STL,401.0,CF,17.0,22.0,33.0,41.0,10.0,31.0,36.0,7.0,13.0,51.0,19.0,48.0,97.0,98.0,0.331,0.294,0.037,0.267,0.232,0.035,0.46,0.394,0.066,0.212,0.067,0.106,0.317,7.0,86.2,111.5,13.0,4.0,110,3.4
61,Salvador Perez,521692,2021,KCR,665.0,,89.0,84.0,94.0,95.0,46.0,99.0,93.0,95.0,99.0,22.0,2.0,6.0,31.0,,0.359,0.372,-0.013,0.273,0.276,-0.003,0.544,0.566,-0.022,0.256,0.042,0.185,0.5589999999999999,16.3,93.0,114.4,,1.8,127,3.4
62,Sean Murphy,669221,2021,OAK,448.0,,65.0,32.0,60.0,67.0,55.0,56.0,75.0,47.0,61.0,23.0,50.0,28.0,27.0,,0.309,0.335,-0.026,0.216,0.24,-0.024,0.405,0.439,-0.034,0.254,0.08900000000000001,0.122,0.42200000000000004,11.3,89.2,112.8,,1.3,99,3.3
63,Randy Arozarena,668227,2021,TBR,604.0,LF,23.0,9.0,19.0,33.0,33.0,50.0,48.0,64.0,58.0,11.0,57.0,10.0,90.0,63.0,0.35,0.302,0.048,0.274,0.22,0.054,0.459,0.366,0.093,0.281,0.09300000000000001,0.136,0.42,8.2,89.9,112.6,1.0,5.9,128,3.3
64,Brandon Belt,474832,2021,SFG,381.0,1B,90.0,37.0,89.0,94.0,81.0,71.0,95.0,47.0,72.0,16.0,90.0,26.0,23.0,74.0,0.406,0.374,0.032,0.274,0.243,0.031,0.597,0.526,0.071,0.27,0.126,0.115,0.44799999999999995,17.0,89.2,109.9,2.0,4.1,158,3.3
65,Jesse Winker,608385,2021,CIN,485.0,LF,94.0,96.0,89.0,81.0,97.0,73.0,74.0,74.0,80.0,85.0,76.0,79.0,27.0,5.0,0.403,0.389,0.014,0.305,0.295,0.01,0.556,0.524,0.032,0.155,0.109,0.08,0.46799999999999997,11.2,90.6,113.4,-6.0,2.9,148,3.2
66,Dansby Swanson,621020,2021,ATL,653.0,SS,58.0,48.0,69.0,71.0,38.0,84.0,76.0,48.0,63.0,22.0,37.0,16.0,83.0,82.0,0.322,0.331,-0.009,0.248,0.251,-0.003,0.449,0.456,-0.007,0.256,0.08,0.131,0.424,11.4,89.3,109.6,3.0,4.2,98,3.2
67,Jeimer Candelario,600869,2021,DET,626.0,3B,77.0,82.0,71.0,58.0,80.0,70.0,55.0,38.0,36.0,48.0,70.0,61.0,56.0,29.0,0.344,0.357,-0.013,0.271,0.278,-0.007,0.443,0.465,-0.022,0.21600000000000003,0.10400000000000001,0.10400000000000001,0.391,9.0,88.7,111.0,-1.0,2.4,119,3.2
68,Whit Merrifield,593160,2021,KCR,720.0,2B,20.0,68.0,26.0,17.0,24.0,31.0,12.0,13.0,6.0,90.0,11.0,87.0,87.0,92.0,0.306,0.301,0.005,0.277,0.263,0.014,0.395,0.383,0.012,0.14300000000000002,0.055999999999999994,0.081,0.28600000000000003,3.5,86.8,107.8,6.0,6.6,91,3.2
69,Kyle Schwarber,656941,2021,- - -,471.0,LF,94.0,67.0,94.0,96.0,93.0,81.0,94.0,92.0,94.0,16.0,94.0,25.0,44.0,1.0,0.392,0.399,-0.007,0.266,0.265,0.001,0.554,0.564,-0.01,0.27,0.136,0.11,0.522,17.5,92.3,116.6,-10.0,2.1,145,3.1
70,J.P. Crawford,641487,2021,SEA,687.0,SS,18.0,58.0,9.0,4.0,51.0,12.0,6.0,8.0,8.0,77.0,42.0,93.0,61.0,41.0,0.314,0.297,0.017,0.273,0.256,0.017,0.376,0.338,0.038,0.166,0.084,0.059000000000000004,0.304,2.4,86.3,110.5,0.0,2.5,103,3.1
71,Chris Taylor,621035,2021,LAD,582.0,SS,41.0,16.0,40.0,51.0,48.0,61.0,65.0,25.0,30.0,9.0,73.0,8.0,91.0,17.0,0.338,0.329,0.009,0.254,0.237,0.017,0.438,0.422,0.016,0.287,0.10800000000000001,0.139,0.381,10.2,88.2,110.7,-3.0,6.4,113,3.1
72,AJ Pollock,572041,2021,LAD,422.0,CF,81.0,90.0,83.0,76.0,70.0,61.0,74.0,72.0,81.0,65.0,26.0,53.0,69.0,63.0,0.375,0.362,0.013,0.297,0.285,0.012,0.536,0.501,0.035,0.19,0.071,0.122,0.47100000000000003,11.1,90.3,111.2,1.0,4.4,137,3.0
73,Pete Alonso,624413,2021,NYM,637.0,1B,90.0,79.0,93.0,93.0,79.0,98.0,89.0,81.0,81.0,61.0,59.0,45.0,30.0,74.0,0.363,0.376,-0.013,0.262,0.27,-0.008,0.519,0.541,-0.022,0.19899999999999998,0.094,0.115,0.473,14.8,91.0,118.4,1.0,3.5,133,3.0
74,Eduardo Escobar,500871,2021,- - -,599.0,3B,44.0,35.0,63.0,68.0,20.0,70.0,53.0,14.0,22.0,54.0,37.0,56.0,59.0,29.0,0.334,0.326,0.008,0.253,0.249,0.004,0.472,0.454,0.018,0.207,0.08,0.109,0.34,8.9,87.0,110.8,-1.0,3.6,107,3.0
75,Ketel Marte,606466,2021,ARI,374.0,SS,88.0,99.0,83.0,60.0,91.0,40.0,57.0,84.0,86.0,80.0,41.0,90.0,44.0,5.0,0.385,0.371,0.014,0.318,0.307,0.011,0.532,0.495,0.037,0.16,0.083,0.07,0.484,8.9,91.1,116.0,-6.0,3.3,139,2.9
76,Kolten Wong,543939,2021,MIL,492.0,2B,24.0,45.0,24.0,23.0,38.0,31.0,25.0,32.0,21.0,75.0,15.0,85.0,43.0,63.0,0.337,0.308,0.029,0.272,0.251,0.021,0.447,0.382,0.065,0.16899999999999998,0.063,0.086,0.348,5.5,88.3,107.1,1.0,5.3,109,2.9
77,J.D. Martinez,502110,2021,BOS,634.0,RF,87.0,89.0,88.0,86.0,74.0,89.0,80.0,89.0,89.0,33.0,47.0,22.0,31.0,,0.363,0.374,-0.011,0.286,0.288,-0.002,0.518,0.534,-0.016,0.237,0.087,0.146,0.493,12.5,92.1,113.2,-2.0,2.6,128,2.9
78,Avisail Garcia,541645,2021,MIL,515.0,RF,85.0,83.0,87.0,83.0,71.0,76.0,80.0,73.0,77.0,36.0,29.0,6.0,88.0,22.0,0.346,0.366,-0.02,0.262,0.278,-0.016,0.49,0.514,-0.024,0.235,0.07400000000000001,0.185,0.461,12.2,90.4,116.7,-2.0,3.4,115,2.9
79,Adolis Garcia,666969,2021,TEX,622.0,CF,22.0,12.0,51.0,68.0,2.0,80.0,77.0,80.0,76.0,5.0,6.0,6.0,83.0,97.0,0.314,0.302,0.012,0.243,0.223,0.02,0.454,0.426,0.028,0.312,0.051,0.172,0.45299999999999996,11.5,91.0,112.4,11.0,5.1,100,2.9
80,Jose Abreu,547989,2021,CHW,659.0,1B,71.0,51.0,68.0,70.0,72.0,77.0,65.0,89.0,90.0,46.0,57.0,29.0,38.0,29.0,0.354,0.348,0.006,0.261,0.251,0.01,0.481,0.455,0.026,0.217,0.09300000000000001,0.122,0.49,10.2,92.0,115.6,0.0,2.8,126,2.9
81,Omar Narvaez,553882,2021,MIL,445.0,,23.0,23.0,19.0,26.0,41.0,18.0,21.0,2.0,3.0,66.0,55.0,59.0,19.0,,0.322,0.304,0.018,0.266,0.235,0.031,0.402,0.369,0.033,0.18899999999999997,0.092,0.11,0.256,5.1,84.6,107.9,,1.5,99,2.8
82,Jared Walsh,665120,2021,LAA,585.0,1B,42.0,48.0,52.0,51.0,40.0,77.0,75.0,58.0,52.0,20.0,40.0,39.0,52.0,9.0,0.357,0.325,0.032,0.277,0.255,0.022,0.509,0.433,0.076,0.26,0.08199999999999999,0.113,0.41200000000000003,11.3,89.6,114.8,-5.0,2.5,127,2.8
83,Miguel Rojas,500743,2021,MIA,539.0,SS,14.0,47.0,11.0,7.0,28.0,12.0,8.0,7.0,15.0,92.0,23.0,82.0,41.0,13.0,0.311,0.291,0.02,0.265,0.248,0.017,0.392,0.344,0.048,0.13699999999999998,0.069,0.08199999999999999,0.32899999999999996,2.8,86.2,109.4,-4.0,5.4,97,2.8
84,Dylan Carlson,666185,2021,STL,619.0,RF,37.0,35.0,34.0,36.0,50.0,44.0,33.0,29.0,8.0,27.0,55.0,27.0,73.0,9.0,0.336,0.321,0.015,0.266,0.246,0.02,0.437,0.404,0.033,0.24600000000000002,0.092,0.115,0.306,7.0,88.3,109.0,-5.0,4.0,113,2.8
85,Mitch Haniger,571745,2021,SEA,691.0,RF,78.0,68.0,84.0,84.0,55.0,94.0,82.0,48.0,73.0,28.0,35.0,17.0,55.0,4.0,0.34,0.353,-0.013,0.253,0.262,-0.009,0.485,0.498,-0.013,0.245,0.078,0.131,0.447,12.6,89.3,110.0,-7.0,3.5,120,2.8
86,Tony Kemp,643393,2021,OAK,397.0,2B,42.0,48.0,12.0,8.0,84.0,1.0,2.0,11.0,2.0,97.0,92.0,93.0,42.0,74.0,0.351,0.32,0.031,0.279,0.249,0.03,0.418,0.347,0.071,0.128,0.131,0.054000000000000006,0.212,1.0,86.7,100.6,2.0,5.4,127,2.7
87,Amed Rosario,642708,2021,CLE,588.0,SS,17.0,68.0,16.0,9.0,24.0,12.0,8.0,40.0,69.0,56.0,8.0,47.0,97.0,13.0,0.315,0.298,0.017,0.282,0.265,0.017,0.409,0.365,0.044,0.204,0.053,0.114,0.431,2.8,88.8,111.5,-4.0,6.6,99,2.7
88,Robbie Grossman,543257,2021,DET,671.0,LF,58.0,22.0,34.0,42.0,80.0,54.0,42.0,23.0,19.0,38.0,97.0,71.0,69.0,22.0,0.337,0.335,0.002,0.239,0.234,0.005,0.415,0.399,0.016,0.231,0.146,0.07400000000000001,0.33899999999999997,7.6,87.8,110.9,-2.0,5.2,114,2.7
89,Francisco Lindor,596019,2021,NYM,524.0,SS,68.0,53.0,65.0,66.0,70.0,50.0,48.0,76.0,71.0,70.0,78.0,63.0,68.0,100.0,0.317,0.344,-0.027,0.23,0.253,-0.023,0.412,0.452,-0.04,0.183,0.111,0.106,0.441,8.2,90.7,112.9,20.0,5.3,103,2.7
90,Luis Urias,649966,2021,MIL,570.0,SS,54.0,27.0,48.0,56.0,61.0,61.0,58.0,25.0,44.0,56.0,78.0,67.0,40.0,1.0,0.339,0.332,0.007,0.249,0.241,0.008,0.445,0.427,0.018,0.204,0.111,0.092,0.396,9.3,87.9,111.5,-12.0,3.8,111,2.7
91,Giancarlo Stanton,519317,2021,NYY,579.0,RF,81.0,61.0,81.0,82.0,70.0,93.0,91.0,99.0,100.0,16.0,76.0,9.0,13.0,,0.37,0.358,0.012,0.273,0.259,0.014,0.516,0.494,0.022,0.271,0.109,0.131,0.556,15.7,95.1,122.2,-1.0,0.6,137,2.6
92,Mark Canha,592192,2021,OAK,625.0,CF,58.0,19.0,25.0,34.0,84.0,47.0,38.0,18.0,25.0,55.0,87.0,72.0,68.0,74.0,0.333,0.332,0.001,0.231,0.231,0.0,0.387,0.378,0.009,0.205,0.12300000000000001,0.08,0.354,7.1,87.3,107.7,2.0,6.1,115,2.6
93,Jacob Stallings,607732,2021,PIT,427.0,,30.0,31.0,16.0,18.0,57.0,13.0,17.0,26.0,26.0,61.0,82.0,62.0,9.0,,0.312,0.315,-0.003,0.246,0.245,0.001,0.369,0.369,0.0,0.19899999999999998,0.115,0.09300000000000001,0.35700000000000004,4.5,88.1,106.2,,1.4,95,2.6
94,Joey Wendle,621563,2021,TBR,501.0,2B,9.0,27.0,14.0,15.0,11.0,18.0,17.0,25.0,20.0,42.0,11.0,44.0,71.0,95.0,0.317,0.284,0.033,0.265,0.237,0.028,0.422,0.354,0.068,0.226,0.055999999999999994,0.10800000000000001,0.349,4.6,87.9,108.7,8.0,5.6,106,2.6
95,Ryan McMahon,641857,2021,COL,596.0,2B,44.0,31.0,48.0,55.0,43.0,47.0,39.0,73.0,66.0,26.0,65.0,22.0,33.0,97.0,0.334,0.324,0.01,0.254,0.243,0.011,0.449,0.424,0.025,0.247,0.099,0.131,0.433,7.3,90.5,111.5,11.0,3.8,95,2.5
96,Kyle Seager,572122,2021,SEA,670.0,3B,42.0,12.0,69.0,81.0,12.0,90.0,81.0,42.0,43.0,31.0,50.0,18.0,22.0,86.0,0.308,0.32,-0.012,0.212,0.222,-0.01,0.438,0.454,-0.016,0.24,0.08800000000000001,0.13699999999999998,0.401,12.3,89.0,111.0,4.0,2.8,99,2.5
97,Kevin Kiermaier,595281,2021,TBR,390.0,CF,8.0,18.0,5.0,5.0,24.0,10.0,13.0,10.0,27.0,23.0,43.0,13.0,95.0,97.0,0.31,0.283,0.027,0.259,0.232,0.027,0.388,0.319,0.069,0.254,0.085,0.147,0.364,4.0,86.6,107.9,11.0,6.8,101,2.5
98,Jean Segura,516416,2021,PHI,567.0,SS,39.0,70.0,32.0,22.0,53.0,42.0,27.0,16.0,31.0,91.0,23.0,90.0,57.0,95.0,0.338,0.318,0.02,0.29,0.265,0.025,0.436,0.394,0.042,0.138,0.069,0.077,0.374,5.9,87.2,113.1,8.0,4.8,109,2.5
99,DJ LeMahieu,518934,2021,NYY,679.0,2B,61.0,86.0,28.0,12.0,85.0,23.0,12.0,74.0,65.0,91.0,73.0,96.0,40.0,63.0,0.315,0.339,-0.024,0.268,0.282,-0.014,0.362,0.395,-0.033,0.138,0.10800000000000001,0.051,0.431,3.7,90.6,110.6,1.0,3.0,100,2.4
100,Austin Hays,669720,2021,BAL,529.0,LF,37.0,41.0,55.0,59.0,16.0,65.0,59.0,40.0,38.0,58.0,8.0,49.0,58.0,41.0,0.328,0.316,0.012,0.256,0.245,0.011,0.461,0.432,0.029,0.20199999999999999,0.053,0.109,0.39,9.1,88.8,110.3,0.0,4.8,106,2.4
101,Adam Duvall,594807,2021,- - -,555.0,LF,51.0,14.0,81.0,91.0,4.0,90.0,92.0,60.0,69.0,4.0,15.0,21.0,86.0,82.0,0.324,0.329,-0.005,0.228,0.227,0.001,0.491,0.499,-0.008,0.314,0.063,0.134,0.439,16.1,89.8,113.8,3.0,4.2,103,2.4
102,George Springer,543807,2021,TOR,342.0,CF,82.0,45.0,85.0,90.0,66.0,61.0,90.0,54.0,58.0,38.0,73.0,33.0,82.0,,0.38,0.358,0.022,0.264,0.247,0.017,0.555,0.507,0.048,0.231,0.10800000000000001,0.114,0.414,15.4,89.4,116.4,1.0,4.7,140,2.4
103,Rhys Hoskins,656555,2021,PHI,443.0,1B,87.0,39.0,94.0,97.0,57.0,81.0,94.0,84.0,77.0,29.0,71.0,37.0,38.0,22.0,0.364,0.377,-0.013,0.247,0.249,-0.002,0.53,0.564,-0.034,0.244,0.106,0.11,0.46299999999999997,17.0,91.2,112.2,-2.0,2.8,127,2.3
104,Isiah Kiner-Falefa,643396,2021,TEX,677.0,SS,12.0,72.0,11.0,3.0,28.0,6.0,3.0,3.0,6.0,95.0,1.0,95.0,75.0,4.0,0.293,0.291,0.002,0.271,0.267,0.004,0.357,0.349,0.008,0.133,0.040999999999999995,0.061,0.28600000000000003,1.8,85.5,107.9,-7.0,5.2,85,2.3
105,Tommy Edman,669242,2021,STL,691.0,2B,37.0,80.0,37.0,21.0,43.0,36.0,15.0,19.0,24.0,92.0,10.0,94.0,92.0,98.0,0.301,0.315,-0.014,0.262,0.273,-0.011,0.387,0.399,-0.012,0.13699999999999998,0.055,0.064,0.353,4.2,87.5,112.9,13.0,6.3,91,2.3
106,Patrick Wisdom,621550,2021,CHC,375.0,3B,36.0,4.0,65.0,84.0,7.0,48.0,91.0,81.0,92.0,0.0,43.0,0.0,77.0,82.0,0.345,0.32,0.025,0.231,0.216,0.015,0.518,0.46,0.058,0.408,0.085,0.192,0.511,,,,3.0,3.5,115,2.3
107,C.J. Cron,543068,2021,COL,547.0,1B,84.0,63.0,78.0,77.0,84.0,75.0,77.0,38.0,55.0,50.0,77.0,31.0,28.0,29.0,0.383,0.362,0.021,0.281,0.261,0.02,0.53,0.48,0.05,0.214,0.11,0.115,0.42,11.5,88.8,114.7,-1.0,2.3,127,2.3
108,Cesar Hernandez,514917,2021,- - -,637.0,2B,30.0,32.0,27.0,30.0,42.0,50.0,33.0,19.0,17.0,51.0,57.0,70.0,89.0,29.0,0.302,0.31,-0.008,0.232,0.241,-0.009,0.386,0.384,0.002,0.212,0.09300000000000001,0.092,0.331,6.8,87.4,110.2,-1.0,3.1,90,2.2
109,Mike Yastrzemski,573262,2021,SFG,532.0,RF,39.0,11.0,55.0,73.0,29.0,65.0,68.0,52.0,38.0,27.0,61.0,53.0,58.0,92.0,0.326,0.316,0.01,0.224,0.221,0.003,0.457,0.43,0.027,0.24600000000000002,0.096,0.102,0.39299999999999996,10.3,89.5,109.4,6.0,5.0,106,2.2
110,Josh Donaldson,518626,2021,MIN,543.0,3B,92.0,74.0,91.0,92.0,91.0,95.0,96.0,98.0,94.0,52.0,94.0,30.0,12.0,63.0,0.353,0.387,-0.034,0.247,0.268,-0.021,0.475,0.541,-0.066,0.21,0.136,0.114,0.527,17.4,94.1,114.7,1.0,1.3,124,2.2
111,Michael Brantley,488726,2021,HOU,508.0,LF,82.0,100.0,76.0,36.0,88.0,39.0,26.0,52.0,64.0,99.0,18.0,99.0,25.0,17.0,0.347,0.362,-0.015,0.311,0.312,-0.001,0.437,0.466,-0.029,0.10400000000000001,0.065,0.046,0.429,5.8,89.5,109.4,-3.0,3.4,123,2.1
112,Jonathan Villar,542340,2021,NYM,505.0,2B,24.0,24.0,29.0,36.0,29.0,39.0,40.0,29.0,23.0,19.0,54.0,16.0,57.0,22.0,0.32,0.307,0.013,0.249,0.235,0.014,0.416,0.388,0.028,0.261,0.091,0.13699999999999998,0.349,7.4,88.0,114.9,-2.0,4.9,105,2.1
113,Ramon Laureano,657656,2021,OAK,378.0,CF,61.0,39.0,71.0,74.0,40.0,42.0,71.0,25.0,44.0,21.0,26.0,33.0,65.0,22.0,0.327,0.333,-0.006,0.246,0.244,0.002,0.443,0.456,-0.013,0.259,0.071,0.121,0.402,10.7,87.9,112.1,-2.0,5.4,111,2.1
114,Willson Contreras,575929,2021,CHC,483.0,,69.0,27.0,63.0,72.0,67.0,54.0,74.0,88.0,87.0,10.0,73.0,5.0,64.0,,0.337,0.346,-0.009,0.237,0.239,-0.002,0.438,0.447,-0.009,0.28600000000000003,0.10800000000000001,0.145,0.484,11.1,91.8,115.4,,2.9,109,2.1
115,Andrew Benintendi,643217,2021,KCR,538.0,LF,54.0,67.0,70.0,65.0,34.0,65.0,53.0,54.0,67.0,72.0,19.0,68.0,63.0,41.0,0.328,0.332,-0.004,0.276,0.261,0.015,0.442,0.456,-0.014,0.18,0.067,0.106,0.42700000000000005,8.9,89.6,107.6,0.0,3.6,106,2.1
116,Trent Grisham,663757,2021,SDP,527.0,CF,29.0,32.0,20.0,19.0,54.0,23.0,23.0,38.0,29.0,42.0,67.0,71.0,91.0,92.0,0.32,0.31,0.01,0.242,0.241,0.001,0.413,0.368,0.045,0.226,0.102,0.078,0.365,5.2,88.8,109.4,6.0,5.1,103,2.1
117,Alex Bregman,608324,2021,HOU,400.0,3B,55.0,62.0,43.0,38.0,73.0,23.0,28.0,42.0,34.0,95.0,77.0,97.0,23.0,29.0,0.336,0.335,0.001,0.27,0.262,0.008,0.422,0.421,0.001,0.133,0.11,0.051,0.381,6.4,89.0,107.5,-1.0,2.4,115,2.0
118,Alex Verdugo,657077,2021,BOS,604.0,LF,54.0,80.0,53.0,36.0,63.0,54.0,33.0,60.0,61.0,81.0,42.0,88.0,50.0,5.0,0.334,0.342,-0.008,0.289,0.285,0.004,0.426,0.446,-0.02,0.159,0.084,0.073,0.433,7.3,90.0,110.8,-6.0,4.3,107,2.0
119,Tyler Stephenson,663886,2021,CIN,402.0,,44.0,56.0,29.0,25.0,66.0,17.0,24.0,34.0,33.0,68.0,67.0,83.0,46.0,,0.346,0.324,0.022,0.286,0.257,0.029,0.431,0.39,0.041,0.187,0.102,0.068,0.382,5.4,88.4,106.6,,1.7,111,2.0
120,Austin Meadows,640457,2021,TBR,591.0,LF,48.0,27.0,49.0,56.0,49.0,65.0,53.0,50.0,34.0,55.0,66.0,51.0,61.0,,0.327,0.326,0.001,0.234,0.239,-0.005,0.458,0.423,0.035,0.20600000000000002,0.1,0.107,0.376,8.7,89.3,110.3,-4.0,4.1,113,2.0
121,Leury Garcia,544725,2021,CHW,474.0,CF,11.0,27.0,8.0,7.0,32.0,11.0,10.0,7.0,15.0,55.0,45.0,52.0,83.0,22.0,0.312,0.291,0.021,0.267,0.239,0.028,0.376,0.335,0.041,0.205,0.086,0.113,0.322,3.3,86.1,109.6,-2.0,5.2,98,2.0
122,Nelson Cruz,443558,2021,- - -,584.0,,82.0,66.0,86.0,88.0,64.0,90.0,86.0,94.0,95.0,48.0,47.0,14.0,28.0,,0.344,0.358,-0.014,0.265,0.265,0.0,0.497,0.514,-0.017,0.21600000000000003,0.087,0.14300000000000002,0.52,13.6,92.9,117.5,,3.3,122,2.0
123,Josh Rojas,668942,2021,ARI,550.0,2B,14.0,19.0,9.0,11.0,34.0,17.0,15.0,29.0,9.0,26.0,71.0,60.0,63.0,5.0,0.325,0.298,0.027,0.264,0.236,0.028,0.411,0.356,0.055,0.249,0.105,0.08900000000000001,0.307,4.8,88.2,104.6,-6.0,4.8,102,2.0
124,Michael A. Taylor,572191,2021,KCR,528.0,CF,20.0,43.0,31.0,32.0,16.0,36.0,32.0,52.0,46.0,15.0,15.0,13.0,78.0,99.0,0.286,0.299,-0.013,0.244,0.246,-0.002,0.356,0.39,-0.034,0.273,0.063,0.15,0.402,6.6,89.4,111.5,14.0,4.5,77,1.9
125,Akil Baddoo,668731,2021,DET,461.0,CF,30.0,16.0,39.0,50.0,20.0,42.0,55.0,6.0,14.0,18.0,63.0,16.0,91.0,29.0,0.329,0.309,0.02,0.259,0.227,0.032,0.436,0.403,0.033,0.265,0.098,0.129,0.32299999999999995,8.8,86.0,111.8,-1.0,7.3,108,1.9
126,Max Kepler,596146,2021,MIN,490.0,RF,68.0,51.0,61.0,64.0,71.0,65.0,70.0,64.0,61.0,62.0,77.0,64.0,61.0,95.0,0.309,0.347,-0.038,0.211,0.255,-0.044,0.413,0.452,-0.039,0.196,0.11,0.09300000000000001,0.425,10.8,89.8,110.8,8.0,6.1,95,1.9
127,Hunter Renfroe,592669,2021,BOS,572.0,RF,64.0,41.0,77.0,80.0,26.0,89.0,84.0,67.0,69.0,41.0,33.0,39.0,57.0,17.0,0.344,0.353,-0.009,0.259,0.259,0.0,0.501,0.504,-0.003,0.22699999999999998,0.077,0.111,0.44299999999999995,14.4,90.1,116.4,-3.0,2.4,114,1.8
128,Luis Arraez,650333,2021,MIN,479.0,2B,53.0,91.0,34.0,13.0,75.0,6.0,5.0,34.0,7.0,99.0,52.0,100.0,45.0,9.0,0.321,0.336,-0.015,0.294,0.294,0.0,0.376,0.41,-0.034,0.1,0.09,0.042,0.306,2.3,88.4,104.2,-5.0,4.4,103,1.8
129,Yandy Diaz,650490,2021,TBR,541.0,3B,58.0,55.0,34.0,31.0,79.0,44.0,36.0,60.0,48.0,83.0,90.0,82.0,39.0,29.0,0.325,0.332,-0.007,0.256,0.254,0.002,0.387,0.399,-0.012,0.157,0.128,0.076,0.406,7.0,89.9,113.5,-2.0,2.3,111,1.8
130,Gleyber Torres,650402,2021,NYY,516.0,SS,51.0,63.0,46.0,39.0,57.0,47.0,44.0,19.0,27.0,58.0,62.0,38.0,52.0,1.0,0.307,0.331,-0.024,0.259,0.264,-0.005,0.366,0.422,-0.056,0.20199999999999999,0.09699999999999999,0.11199999999999999,0.35700000000000004,7.8,87.1,111.6,-10.0,3.5,94,1.7
131,Alcides Escobar,444876,2021,WSN,349.0,SS,31.0,80.0,18.0,6.0,53.0,4.0,9.0,0.0,1.0,82.0,4.0,71.0,59.0,13.0,0.325,0.308,0.017,0.288,0.271,0.017,0.404,0.362,0.042,0.16,0.049,0.10800000000000001,0.21,3.0,81.7,105.7,-4.0,5.3,100,1.7
132,Carson Kelly,608348,2021,ARI,359.0,,69.0,53.0,52.0,49.0,83.0,31.0,51.0,32.0,19.0,55.0,87.0,44.0,23.0,,0.328,0.343,-0.015,0.24,0.251,-0.011,0.411,0.425,-0.014,0.20600000000000002,0.12300000000000001,0.099,0.336,8.5,88.2,109.2,,2.0,103,1.7
133,LaMonte Wade Jr.,664774,2021,SFG,381.0,RF,72.0,58.0,77.0,77.0,57.0,44.0,70.0,68.0,53.0,35.0,47.0,80.0,39.0,41.0,0.343,0.347,-0.004,0.253,0.256,-0.003,0.482,0.475,0.007,0.23399999999999999,0.087,0.08199999999999999,0.413,10.6,90.1,109.3,0.0,5.8,117,1.6
134,Freddy Galvis,520471,2021,- - -,394.0,SS,6.0,12.0,13.0,21.0,6.0,15.0,19.0,13.0,13.0,63.0,23.0,76.0,26.0,13.0,0.305,0.28,0.025,0.242,0.222,0.02,0.407,0.35,0.057,0.195,0.069,0.084,0.316,4.9,86.8,109.3,-4.0,3.4,90,1.6
135,Elias Diaz,553869,2021,COL,371.0,,42.0,45.0,51.0,51.0,34.0,35.0,45.0,18.0,32.0,79.0,39.0,55.0,26.0,,0.33,0.317,0.013,0.246,0.249,-0.003,0.464,0.426,0.038,0.162,0.081,0.113,0.369,7.9,87.1,109.5,,2.3,92,1.6
136,Brendan Rodgers,663898,2021,COL,415.0,2B,26.0,51.0,42.0,39.0,13.0,27.0,29.0,38.0,43.0,58.0,3.0,64.0,44.0,13.0,0.341,0.309,0.032,0.284,0.251,0.033,0.47,0.412,0.058,0.20199999999999999,0.046,0.105,0.40299999999999997,6.2,88.8,111.8,-4.0,2.6,100,1.6
137,Paul DeJong,657557,2021,STL,402.0,SS,33.0,5.0,45.0,71.0,16.0,44.0,70.0,8.0,25.0,22.0,47.0,27.0,62.0,89.0,0.293,0.312,-0.019,0.197,0.211,-0.014,0.39,0.416,-0.026,0.256,0.087,0.131,0.353,10.6,86.3,109.5,5.0,4.0,86,1.6
138,Anthony Rizzo,519203,2021,- - -,576.0,1B,65.0,55.0,49.0,47.0,74.0,56.0,43.0,64.0,47.0,87.0,52.0,75.0,18.0,92.0,0.339,0.346,-0.007,0.248,0.26,-0.012,0.44,0.433,0.007,0.151,0.09,0.086,0.408,7.7,90.1,115.2,5.0,4.4,112,1.6
139,Nathaniel Lowe,663993,2021,TEX,642.0,1B,48.0,25.0,39.0,45.0,59.0,71.0,61.0,77.0,74.0,25.0,90.0,60.0,57.0,17.0,0.337,0.324,0.013,0.264,0.236,0.028,0.415,0.402,0.013,0.252,0.125,0.09300000000000001,0.455,9.5,90.8,113.9,-3.0,4.4,115,1.6
140,Kyle Farmer,571657,2021,CIN,529.0,SS,19.0,48.0,26.0,23.0,23.0,23.0,15.0,16.0,11.0,70.0,2.0,80.0,50.0,89.0,0.316,0.301,0.015,0.263,0.251,0.012,0.416,0.382,0.034,0.183,0.042,0.09300000000000001,0.321,4.3,87.2,107.6,5.0,3.0,91,1.6
141,Jazz Chisholm Jr.,665862,2021,MIA,507.0,2B,26.0,29.0,42.0,47.0,12.0,48.0,58.0,70.0,55.0,10.0,19.0,17.0,94.0,13.0,0.312,0.307,0.005,0.248,0.238,0.01,0.425,0.409,0.016,0.28600000000000003,0.067,0.125,0.41700000000000004,9.0,90.2,112.1,-4.0,7.0,98,1.6
142,Yan Gomes,543228,2021,- - -,375.0,,65.0,86.0,75.0,60.0,52.0,39.0,55.0,58.0,35.0,53.0,6.0,76.0,34.0,,0.308,0.341,-0.033,0.252,0.28,-0.028,0.421,0.469,-0.048,0.20800000000000002,0.051,0.09699999999999999,0.379,8.8,89.6,107.7,,2.4,93,1.6
143,Jonathan Schoop,570731,2021,DET,674.0,2B,29.0,57.0,36.0,32.0,19.0,59.0,32.0,30.0,45.0,62.0,10.0,48.0,51.0,89.0,0.324,0.311,0.013,0.278,0.257,0.021,0.435,0.404,0.031,0.19699999999999998,0.055,0.11900000000000001,0.402,6.8,88.1,117.1,5.0,2.8,105,1.5
144,Christian Yelich,592885,2021,MIL,475.0,LF,58.0,48.0,26.0,25.0,87.0,34.0,39.0,81.0,90.0,32.0,98.0,45.0,81.0,74.0,0.325,0.338,-0.013,0.248,0.254,-0.006,0.373,0.392,-0.019,0.23800000000000002,0.147,0.09300000000000001,0.484,7.6,91.0,114.9,2.0,5.0,101,1.5
145,Charlie Blackmon,453568,2021,COL,582.0,CF,82.0,94.0,71.0,45.0,91.0,50.0,36.0,21.0,35.0,84.0,57.0,79.0,66.0,3.0,0.333,0.357,-0.024,0.27,0.292,-0.022,0.411,0.457,-0.046,0.156,0.09300000000000001,0.08800000000000001,0.38299999999999995,7.0,87.6,109.8,-8.0,4.3,94,1.5
146,Josh Harrison,543281,2021,- - -,558.0,2B,55.0,84.0,45.0,29.0,64.0,27.0,16.0,15.0,14.0,94.0,11.0,85.0,44.0,89.0,0.324,0.332,-0.008,0.279,0.278,0.001,0.4,0.42,-0.02,0.134,0.055999999999999994,0.096,0.32299999999999995,4.4,87.2,108.2,5.0,4.1,103,1.5
147,Ke'Bryan Hayes,663647,2021,PIT,396.0,3B,16.0,37.0,17.0,16.0,20.0,15.0,21.0,70.0,75.0,45.0,35.0,77.0,70.0,98.0,0.301,0.299,0.002,0.257,0.247,0.01,0.373,0.367,0.006,0.22,0.078,0.085,0.451,5.1,90.2,111.0,13.0,5.6,88,1.5
148,Gary Sanchez,596142,2021,NYY,440.0,,64.0,17.0,67.0,79.0,55.0,69.0,87.0,52.0,57.0,14.0,85.0,20.0,20.0,,0.314,0.336,-0.022,0.204,0.228,-0.024,0.423,0.452,-0.029,0.275,0.11800000000000001,0.11900000000000001,0.42,13.7,89.5,113.4,,2.1,99,1.5
149,Tommy Pham,502054,2021,SDP,561.0,LF,75.0,58.0,60.0,58.0,87.0,65.0,67.0,76.0,83.0,40.0,95.0,59.0,70.0,9.0,0.318,0.354,-0.036,0.229,0.258,-0.029,0.383,0.442,-0.059,0.228,0.139,0.083,0.467,10.0,90.8,112.7,-5.0,5.0,102,1.5
150,Lourdes Gurriel Jr.,666971,2021,TOR,541.0,LF,63.0,77.0,71.0,60.0,40.0,73.0,62.0,60.0,65.0,66.0,13.0,53.0,42.0,5.0,0.333,0.336,-0.003,0.276,0.27,0.006,0.466,0.459,0.007,0.18899999999999997,0.059000000000000004,0.114,0.42700000000000005,9.6,89.7,110.7,-6.0,2.5,107,1.5
151,Tyler Naquin,571980,2021,CIN,454.0,CF,65.0,68.0,71.0,65.0,53.0,56.0,68.0,60.0,52.0,36.0,33.0,58.0,66.0,5.0,0.345,0.339,0.006,0.27,0.262,0.008,0.477,0.457,0.02,0.233,0.077,0.12,0.41600000000000004,10.4,89.8,113.5,-6.0,3.7,110,1.4
152,Brett Gardner,458731,2021,NYY,461.0,LF,11.0,5.0,2.0,8.0,43.0,10.0,10.0,10.0,16.0,46.0,92.0,86.0,87.0,41.0,0.305,0.294,0.011,0.222,0.216,0.006,0.362,0.318,0.044,0.217,0.13,0.062,0.32899999999999996,3.4,86.7,108.6,0.0,4.9,93,1.4
153,Manuel Margot,622534,2021,TBR,464.0,CF,34.0,72.0,32.0,21.0,51.0,23.0,21.0,26.0,45.0,87.0,37.0,77.0,87.0,99.0,0.301,0.318,-0.017,0.254,0.268,-0.014,0.382,0.396,-0.014,0.151,0.08,0.08800000000000001,0.402,5.1,87.9,109.6,16.0,5.2,95,1.4
154,Ryan Mountcastle,663624,2021,BAL,586.0,1B,49.0,39.0,71.0,74.0,19.0,80.0,79.0,45.0,41.0,14.0,25.0,12.0,75.0,1.0,0.335,0.326,0.009,0.255,0.245,0.01,0.487,0.458,0.029,0.275,0.07,0.162,0.397,11.8,89.1,114.6,-10.0,3.2,111,1.4
155,Wil Myers,571976,2021,SDP,500.0,1B,16.0,7.0,21.0,35.0,17.0,36.0,41.0,26.0,34.0,11.0,73.0,12.0,80.0,63.0,0.33,0.296,0.034,0.256,0.218,0.038,0.434,0.37,0.064,0.282,0.10800000000000001,0.13699999999999998,0.377,7.5,88.0,107.8,1.0,3.9,109,1.4
156,Josh Bell,605137,2021,WSN,568.0,1B,86.0,84.0,81.0,73.0,85.0,65.0,55.0,93.0,93.0,73.0,81.0,55.0,33.0,74.0,0.352,0.366,-0.014,0.261,0.277,-0.016,0.476,0.487,-0.011,0.17800000000000002,0.114,0.105,0.515,8.8,92.5,115.8,2.0,1.8,118,1.4
157,Ian Happ,664023,2021,CHC,535.0,CF,32.0,6.0,30.0,50.0,37.0,61.0,72.0,50.0,50.0,9.0,83.0,10.0,67.0,5.0,0.328,0.315,0.013,0.226,0.218,0.008,0.434,0.393,0.041,0.292,0.11599999999999999,0.13,0.41,10.9,89.5,112.1,-6.0,4.0,103,1.3
158,Franmil Reyes,614177,2021,CLE,466.0,,75.0,39.0,87.0,91.0,42.0,81.0,94.0,88.0,85.0,3.0,55.0,6.0,32.0,,0.354,0.35,0.004,0.254,0.244,0.01,0.522,0.509,0.013,0.32,0.092,0.142,0.485,16.9,92.0,114.9,,3.9,125,1.3
159,Jesus Aguilar,542583,2021,MIA,510.0,1B,61.0,66.0,68.0,64.0,55.0,54.0,51.0,54.0,50.0,71.0,52.0,39.0,11.0,74.0,0.33,0.33,0.0,0.261,0.26,0.001,0.459,0.453,0.006,0.182,0.09,0.11,0.405,8.5,89.6,110.6,1.0,0.7,112,1.2
160,Andrew McCutchen,457705,2021,PHI,574.0,CF,67.0,27.0,54.0,62.0,77.0,56.0,58.0,42.0,40.0,39.0,97.0,39.0,89.0,17.0,0.335,0.344,-0.009,0.222,0.239,-0.017,0.444,0.43,0.014,0.23,0.141,0.1,0.395,9.0,88.8,110.8,-3.0,3.9,107,1.2
161,Wilmer Flores,527038,2021,SFG,436.0,3B,32.0,29.0,35.0,40.0,37.0,31.0,28.0,37.0,25.0,97.0,59.0,92.0,12.0,41.0,0.337,0.312,0.025,0.262,0.238,0.024,0.447,0.398,0.049,0.128,0.094,0.07,0.354,6.0,88.6,109.7,0.0,2.8,113,1.2
162,Tucker Barnhart,571466,2021,CIN,388.0,,2.0,2.0,3.0,12.0,3.0,10.0,13.0,15.0,10.0,21.0,30.0,39.0,11.0,,0.3,0.264,0.036,0.247,0.203,0.044,0.368,0.313,0.055,0.258,0.075,0.11900000000000001,0.307,4.0,87.1,106.7,,1.5,81,1.2
163,Abraham Toro,647351,2021,- - -,375.0,3B,44.0,43.0,43.0,46.0,48.0,34.0,40.0,12.0,19.0,89.0,41.0,89.0,76.0,5.0,0.303,0.321,-0.018,0.239,0.246,-0.007,0.373,0.413,-0.04,0.14400000000000002,0.083,0.075,0.336,7.4,86.8,109.0,-6.0,3.6,95,1.2
164,Ben Gamel,592325,2021,- - -,400.0,LF,34.0,18.0,23.0,30.0,60.0,27.0,45.0,42.0,29.0,19.0,90.0,33.0,67.0,1.0,0.322,0.316,0.006,0.247,0.23,0.017,0.388,0.373,0.015,0.263,0.128,0.11,0.361,7.9,89.0,108.5,-10.0,3.9,101,1.2
165,Nick Solak,669256,2021,TEX,511.0,2B,19.0,25.0,16.0,19.0,29.0,36.0,31.0,13.0,18.0,52.0,19.0,47.0,93.0,86.0,0.299,0.298,0.001,0.242,0.237,0.005,0.362,0.36,0.002,0.209,0.067,0.10300000000000001,0.332,6.5,86.9,110.6,4.0,4.3,89,1.1
166,Bradley Zimmer,605548,2021,CLE,348.0,CF,25.0,7.0,13.0,27.0,43.0,18.0,55.0,74.0,55.0,1.0,45.0,3.0,97.0,95.0,0.3,0.316,-0.016,0.227,0.224,0.003,0.344,0.371,-0.027,0.35100000000000003,0.086,0.149,0.425,,,,8.0,6.4,89,1.1
167,David Peralta,444482,2021,ARI,538.0,LF,12.0,29.0,9.0,10.0,29.0,31.0,20.0,48.0,53.0,74.0,45.0,73.0,63.0,74.0,0.314,0.293,0.021,0.259,0.242,0.017,0.402,0.344,0.058,0.171,0.086,0.09,0.41600000000000004,5.0,89.3,113.8,2.0,4.6,93,1.1
168,Odubel Herrera,546318,2021,PHI,492.0,CF,18.0,41.0,22.0,19.0,18.0,23.0,18.0,45.0,47.0,83.0,13.0,81.0,57.0,92.0,0.312,0.3,0.012,0.26,0.252,0.008,0.416,0.377,0.039,0.157,0.059000000000000004,0.08900000000000001,0.4,4.7,88.9,113.0,6.0,4.5,93,1.1
169,Donovan Solano,456781,2021,SFG,344.0,2B,63.0,84.0,55.0,39.0,66.0,27.0,41.0,32.0,29.0,75.0,29.0,77.0,31.0,41.0,0.324,0.335,-0.011,0.28,0.275,0.005,0.404,0.432,-0.028,0.16899999999999998,0.073,0.091,0.366,7.5,88.3,108.1,0.0,2.7,105,1.1
170,Elvis Andrus,462101,2021,OAK,541.0,SS,26.0,80.0,23.0,10.0,50.0,6.0,4.0,23.0,22.0,87.0,12.0,82.0,43.0,92.0,0.27,0.307,-0.037,0.243,0.272,-0.029,0.32,0.373,-0.053,0.15,0.057,0.08800000000000001,0.348,2.1,87.8,109.8,6.0,5.3,72,1.1
171,Jose Iglesias,578428,2021,- - -,511.0,SS,15.0,71.0,16.0,6.0,20.0,13.0,10.0,3.0,6.0,88.0,1.0,84.0,79.0,63.0,0.304,0.296,0.008,0.271,0.269,0.002,0.391,0.364,0.027,0.147,0.040999999999999995,0.09300000000000001,0.284,3.4,85.4,110.2,1.0,4.4,91,1.0
172,Eric Haase,606992,2021,DET,381.0,,41.0,18.0,73.0,80.0,7.0,56.0,87.0,80.0,85.0,5.0,22.0,4.0,71.0,,0.316,0.322,-0.006,0.231,0.235,-0.004,0.459,0.463,-0.004,0.312,0.068,0.156,0.479,13.7,90.9,113.2,,3.7,100,1.0
173,Yadier Molina,425877,2021,STL,473.0,,22.0,53.0,35.0,33.0,13.0,23.0,19.0,26.0,10.0,77.0,6.0,56.0,3.0,,0.289,0.305,-0.016,0.252,0.255,-0.003,0.37,0.406,-0.036,0.16699999999999998,0.051,0.128,0.312,5.2,88.0,108.2,,2.8,83,1.0
174,Brad Miller,543543,2021,PHI,377.0,2B,69.0,45.0,74.0,74.0,65.0,44.0,81.0,90.0,86.0,7.0,86.0,13.0,62.0,9.0,0.331,0.345,-0.014,0.227,0.247,-0.02,0.453,0.46,-0.007,0.297,0.11900000000000001,0.132,0.479,12.3,92.4,113.9,-4.0,5.1,105,1.0
175,Gio Urshela,570482,2021,NYY,442.0,3B,20.0,48.0,43.0,41.0,6.0,40.0,46.0,42.0,58.0,26.0,3.0,44.0,24.0,13.0,0.309,0.304,0.005,0.267,0.252,0.015,0.419,0.415,0.004,0.247,0.045,0.124,0.41,8.0,88.9,110.4,-4.0,2.8,96,1.0
176,Gavin Lux,666158,2021,LAD,381.0,SS,37.0,58.0,23.0,14.0,67.0,6.0,12.0,54.0,40.0,45.0,73.0,66.0,94.0,13.0,0.303,0.323,-0.02,0.242,0.26,-0.018,0.364,0.387,-0.023,0.218,0.10800000000000001,0.099,0.402,3.9,89.8,109.7,-4.0,5.6,91,1.0
177,Eddie Rosario,592696,2021,- - -,412.0,LF,40.0,56.0,52.0,47.0,20.0,27.0,27.0,35.0,26.0,88.0,15.0,83.0,54.0,29.0,0.316,0.318,-0.002,0.259,0.254,0.005,0.435,0.425,0.01,0.14800000000000002,0.063,0.095,0.358,5.9,88.5,108.4,-1.0,5.1,98,0.9
178,Jed Lowrie,476704,2021,OAK,512.0,2B,69.0,63.0,75.0,71.0,58.0,59.0,61.0,76.0,76.0,52.0,61.0,53.0,20.0,22.0,0.311,0.342,-0.031,0.245,0.257,-0.012,0.398,0.463,-0.065,0.21100000000000002,0.096,0.10300000000000001,0.45899999999999996,9.3,90.7,109.9,-2.0,1.3,100,0.9
179,Michael Conforto,624424,2021,NYM,479.0,RF,74.0,51.0,55.0,55.0,86.0,47.0,60.0,37.0,40.0,46.0,87.0,62.0,52.0,63.0,0.322,0.35,-0.028,0.232,0.253,-0.021,0.384,0.435,-0.051,0.217,0.12300000000000001,0.096,0.391,9.2,88.5,111.3,1.0,2.0,106,0.8
180,Corey Dickerson,572816,2021,- - -,365.0,LF,20.0,51.0,24.0,19.0,28.0,4.0,9.0,23.0,26.0,69.0,22.0,52.0,56.0,,0.317,0.3,0.017,0.271,0.25,0.021,0.408,0.377,0.031,0.18600000000000003,0.068,0.113,0.35700000000000004,3.0,87.8,109.8,2.0,5.6,100,0.8
181,Kevin Pillar,607680,2021,NYM,347.0,CF,4.0,9.0,19.0,34.0,0.0,23.0,39.0,6.0,13.0,34.0,0.0,49.0,63.0,29.0,0.297,0.281,0.016,0.231,0.224,0.007,0.415,0.372,0.043,0.233,0.032,0.12300000000000001,0.318,7.3,85.8,110.5,-1.0,4.7,90,0.7
182,Bobby Dalbec,666915,2021,BOS,453.0,1B,58.0,17.0,84.0,93.0,7.0,86.0,98.0,90.0,86.0,2.0,15.0,2.0,79.0,3.0,0.334,0.344,-0.01,0.24,0.236,0.004,0.494,0.522,-0.028,0.344,0.062,0.18,0.48100000000000004,20.2,92.4,115.6,-8.0,4.6,107,0.7
183,Eugenio Suarez,553993,2021,CIN,574.0,3B,51.0,7.0,70.0,85.0,19.0,87.0,90.0,45.0,42.0,6.0,63.0,19.0,44.0,1.0,0.306,0.326,-0.02,0.198,0.215,-0.017,0.428,0.455,-0.027,0.298,0.098,0.12,0.39799999999999996,15.0,89.1,111.9,-10.0,1.7,85,0.6
184,Rougned Odor,596059,2021,NYY,361.0,2B,5.0,0.0,14.0,42.0,3.0,27.0,51.0,38.0,32.0,13.0,30.0,24.0,42.0,96.0,0.289,0.288,0.001,0.202,0.2,0.002,0.379,0.37,0.009,0.27699999999999997,0.075,0.136,0.37200000000000005,9.0,89.1,112.1,9.0,2.0,83,0.6
185,Anthony Santander,623993,2021,BAL,438.0,RF,51.0,76.0,62.0,50.0,34.0,42.0,49.0,76.0,69.0,38.0,8.0,43.0,30.0,5.0,0.307,0.328,-0.021,0.241,0.269,-0.028,0.433,0.445,-0.012,0.231,0.053,0.11599999999999999,0.43200000000000005,8.4,90.7,112.8,-6.0,2.4,92,0.6
186,Trey Mancini,641820,2021,BAL,616.0,LF,65.0,72.0,66.0,59.0,61.0,77.0,68.0,40.0,55.0,37.0,41.0,18.0,40.0,41.0,0.326,0.34,-0.014,0.255,0.266,-0.011,0.432,0.451,-0.019,0.23199999999999998,0.083,0.124,0.415,10.4,88.9,113.9,0.0,2.1,105,0.6
187,Joc Pederson,592626,2021,- - -,481.0,CF,48.0,25.0,51.0,60.0,34.0,50.0,61.0,80.0,84.0,29.0,39.0,38.0,47.0,5.0,0.315,0.333,-0.018,0.238,0.243,-0.005,0.422,0.44,-0.018,0.243,0.081,0.11599999999999999,0.47600000000000003,10.1,91.0,113.6,-6.0,3.4,94,0.6
188,Ronald Torreyes,591720,2021,PHI,344.0,3B,1.0,22.0,1.0,1.0,3.0,0.0,0.0,0.0,0.0,97.0,10.0,96.0,47.0,86.0,0.274,0.257,0.017,0.242,0.233,0.009,0.346,0.299,0.047,0.11900000000000001,0.055,0.069,0.138,0.4,82.2,106.9,4.0,2.8,68,0.6
189,Christian Vazquez,543877,2021,BOS,498.0,,2.0,15.0,6.0,8.0,4.0,6.0,6.0,9.0,11.0,75.0,19.0,89.0,19.0,,0.289,0.275,0.014,0.258,0.234,0.024,0.352,0.335,0.017,0.16899999999999998,0.066,0.073,0.309,2.6,86.3,109.7,,3.9,77,0.5
190,Jeff McNeil,643446,2021,NYM,426.0,2B,34.0,56.0,28.0,22.0,49.0,15.0,15.0,30.0,18.0,94.0,22.0,87.0,49.0,89.0,0.301,0.313,-0.012,0.251,0.255,-0.004,0.36,0.385,-0.025,0.136,0.068,0.087,0.33399999999999996,4.3,88.1,108.3,5.0,3.9,93,0.5
191,Guillermo Heredia,628338,2021,ATL,347.0,CF,12.0,9.0,8.0,14.0,33.0,6.0,13.0,11.0,23.0,36.0,55.0,33.0,67.0,89.0,0.292,0.289,0.003,0.22,0.22,0.0,0.354,0.336,0.018,0.233,0.092,0.121,0.34700000000000003,4.0,86.6,109.7,5.0,2.2,79,0.5
192,Garrett Hampson,641658,2021,COL,494.0,2B,10.0,23.0,20.0,26.0,10.0,18.0,18.0,13.0,10.0,32.0,19.0,61.0,98.0,95.0,0.288,0.29,-0.002,0.234,0.235,-0.001,0.38,0.372,0.008,0.239,0.067,0.1,0.312,5.0,87.0,107.0,8.0,7.2,65,0.5
193,James McCann,543510,2021,NYM,412.0,,6.0,9.0,9.0,16.0,6.0,18.0,29.0,16.0,44.0,13.0,35.0,33.0,43.0,,0.281,0.284,-0.003,0.232,0.224,0.008,0.349,0.343,0.006,0.27899999999999997,0.078,0.128,0.40700000000000003,6.1,87.3,112.5,,1.8,80,0.5
194,Randal Grichuk,545341,2021,TOR,545.0,CF,16.0,19.0,37.0,47.0,2.0,61.0,51.0,58.0,49.0,52.0,5.0,63.0,76.0,41.0,0.3,0.294,0.006,0.241,0.233,0.008,0.423,0.4,0.023,0.209,0.05,0.109,0.41100000000000003,8.5,89.8,113.8,-1.0,2.3,85,0.4
195,Miguel Sano,593934,2021,MIN,532.0,3B,39.0,5.0,55.0,76.0,20.0,86.0,96.0,97.0,99.0,2.0,78.0,2.0,39.0,4.0,0.332,0.322,0.01,0.223,0.215,0.008,0.466,0.439,0.027,0.344,0.111,0.155,0.556,17.7,93.4,117.1,-7.0,2.3,110,0.4
196,Starlin Castro,516770,2021,WSN,346.0,2B,44.0,77.0,40.0,29.0,52.0,15.0,24.0,34.0,42.0,73.0,30.0,70.0,30.0,63.0,0.308,0.323,-0.015,0.283,0.271,0.012,0.375,0.41,-0.035,0.179,0.075,0.092,0.395,5.4,88.4,111.2,1.0,1.0,90,0.4
197,Raimel Tapia,606132,2021,COL,533.0,LF,6.0,47.0,4.0,2.0,24.0,6.0,4.0,5.0,12.0,96.0,30.0,95.0,81.0,82.0,0.305,0.279,0.026,0.273,0.249,0.024,0.372,0.317,0.055,0.131,0.075,0.066,0.315,2.1,85.7,109.9,3.0,5.5,76,0.4
198,Andrew Vaughn,683734,2021,CHW,469.0,LF,55.0,35.0,55.0,63.0,43.0,65.0,72.0,81.0,82.0,49.0,47.0,49.0,37.0,5.0,0.306,0.33,-0.024,0.235,0.242,-0.007,0.396,0.432,-0.036,0.215,0.087,0.1,0.46399999999999997,10.9,91.1,115.0,-6.0,2.2,94,0.3
199,Luis Torrens,620443,2021,SEA,378.0,,39.0,41.0,54.0,56.0,20.0,42.0,68.0,78.0,66.0,19.0,29.0,31.0,45.0,,0.311,0.317,-0.006,0.243,0.245,-0.002,0.431,0.427,0.004,0.262,0.07400000000000001,0.11599999999999999,0.43200000000000005,10.4,90.9,109.2,,2.3,101,0.3
200,Christian Walker,572233,2021,ARI,445.0,1B,26.0,41.0,26.0,28.0,41.0,27.0,30.0,40.0,52.0,32.0,43.0,32.0,59.0,86.0,0.304,0.311,-0.007,0.244,0.249,-0.005,0.382,0.386,-0.004,0.23800000000000002,0.085,0.135,0.41100000000000003,6.4,88.8,111.1,4.0,2.3,87,0.3
201,David Fletcher,664058,2021,LAA,665.0,2B,4.0,77.0,4.0,0.0,23.0,0.0,0.0,0.0,0.0,100.0,4.0,100.0,66.0,95.0,0.273,0.28,-0.007,0.262,0.271,-0.009,0.324,0.319,0.005,0.09,0.047,0.04,0.155,0.0,82.3,107.9,8.0,5.2,70,0.3
202,Kevin Newman,621028,2021,PIT,554.0,SS,3.0,53.0,6.0,2.0,10.0,4.0,3.0,3.0,3.0,100.0,4.0,99.0,82.0,82.0,0.249,0.275,-0.026,0.226,0.255,-0.029,0.309,0.33,-0.021,0.07400000000000001,0.049,0.05,0.26,1.6,85.3,109.4,3.0,4.5,54,0.3
203,Justin Upton,457708,2021,LAA,362.0,LF,40.0,11.0,49.0,68.0,26.0,40.0,79.0,70.0,58.0,7.0,73.0,13.0,60.0,,0.304,0.319,-0.015,0.211,0.224,-0.013,0.409,0.426,-0.017,0.29600000000000004,0.10800000000000001,0.129,0.409,11.7,90.1,116.5,-6.0,3.5,92,0.3
204,Pavin Smith,656976,2021,ARI,545.0,RF,34.0,58.0,36.0,30.0,43.0,27.0,19.0,16.0,64.0,63.0,33.0,90.0,38.0,13.0,0.318,0.316,0.002,0.267,0.258,0.009,0.404,0.403,0.001,0.19399999999999998,0.077,0.068,0.42700000000000005,5.1,87.2,110.8,-4.0,3.6,96,0.3
205,Jason Heyward,518792,2021,CHC,353.0,RF,14.0,19.0,18.0,25.0,15.0,12.0,18.0,30.0,60.0,64.0,32.0,58.0,45.0,74.0,0.275,0.292,-0.017,0.214,0.231,-0.017,0.347,0.364,-0.017,0.193,0.076,0.098,0.424,4.7,88.2,115.3,2.0,4.9,68,0.3
206,Martin Maldonado,455117,2021,HOU,426.0,,2.0,0.0,3.0,22.0,5.0,15.0,26.0,26.0,16.0,6.0,77.0,24.0,7.0,,0.258,0.268,-0.01,0.172,0.183,-0.011,0.3,0.312,-0.012,0.298,0.11,0.11800000000000001,0.32799999999999996,5.7,88.0,108.2,,2.0,63,0.2
207,Dylan Moore,664238,2021,SEA,377.0,2B,11.0,2.0,13.0,31.0,13.0,27.0,52.0,10.0,16.0,8.0,71.0,39.0,83.0,97.0,0.271,0.289,-0.018,0.181,0.204,-0.023,0.334,0.348,-0.014,0.294,0.106,0.099,0.33299999999999996,8.6,86.5,110.3,11.0,6.6,74,0.2
208,Phil Gosselin,594838,2021,LAA,373.0,2B,6.0,19.0,11.0,13.0,7.0,6.0,10.0,23.0,24.0,46.0,17.0,74.0,95.0,9.0,0.297,0.287,0.01,0.261,0.239,0.022,0.362,0.353,0.009,0.217,0.064,0.08800000000000001,0.35100000000000003,3.4,87.6,110.0,-5.0,3.0,87,0.1
209,Nick Ahmed,605113,2021,ARI,473.0,SS,0.0,2.0,0.0,3.0,0.0,4.0,6.0,18.0,5.0,45.0,28.0,36.0,70.0,100.0,0.269,0.25,0.019,0.221,0.208,0.013,0.339,0.29,0.049,0.22,0.07200000000000001,0.125,0.276,2.4,87.2,109.5,18.0,5.0,64,0.0
210,Eric Hosmer,543333,2021,SDP,565.0,1B,49.0,74.0,39.0,29.0,61.0,39.0,26.0,74.0,80.0,74.0,43.0,66.0,29.0,41.0,0.319,0.325,-0.006,0.269,0.267,0.002,0.395,0.405,-0.01,0.175,0.085,0.102,0.47,5.8,90.5,112.5,0.0,2.3,102,0.0
211,Asdrubal Cabrera,452678,2021,- - -,352.0,SS,8.0,4.0,6.0,13.0,17.0,13.0,25.0,22.0,10.0,41.0,67.0,42.0,15.0,22.0,0.297,0.287,0.01,0.23,0.214,0.016,0.366,0.331,0.035,0.22699999999999998,0.102,0.11199999999999999,0.309,6.0,87.8,106.6,-2.0,2.2,82,0.0
212,Didi Gregorius,544369,2021,PHI,408.0,SS,3.0,12.0,6.0,11.0,6.0,3.0,5.0,6.0,4.0,78.0,14.0,49.0,66.0,0.0,0.275,0.273,0.002,0.209,0.223,-0.014,0.37,0.327,0.043,0.16399999999999998,0.061,0.122,0.263,2.3,86.1,107.6,-18.0,3.9,68,0.0
213,Harold Ramirez,623912,2021,CLE,361.0,LF,25.0,74.0,37.0,25.0,23.0,23.0,29.0,85.0,81.0,85.0,0.0,56.0,88.0,13.0,0.302,0.308,-0.006,0.268,0.269,-0.001,0.398,0.402,-0.004,0.155,0.039,0.11900000000000001,0.469,6.3,91.3,114.8,-4.0,3.3,90,0.0
214,Pedro Severino,600474,2021,BAL,419.0,,25.0,39.0,33.0,35.0,26.0,34.0,42.0,30.0,32.0,20.0,39.0,19.0,29.0,,0.299,0.31,-0.011,0.248,0.249,-0.001,0.383,0.401,-0.018,0.26,0.081,0.13,0.382,7.6,88.2,114.6,,0.6,87,-0.1
215,Hunter Dozier,641531,2021,KCR,543.0,3B,19.0,14.0,29.0,42.0,12.0,50.0,55.0,64.0,60.0,10.0,36.0,10.0,77.0,0.0,0.293,0.299,-0.006,0.216,0.224,-0.008,0.394,0.388,0.006,0.284,0.079,0.14800000000000002,0.419,8.8,89.9,113.0,-13.0,5.1,82,-0.2
216,Jorge Soler,624585,2021,- - -,602.0,RF,75.0,37.0,79.0,85.0,61.0,81.0,80.0,84.0,79.0,34.0,78.0,22.0,47.0,5.0,0.319,0.354,-0.035,0.223,0.249,-0.026,0.432,0.493,-0.061,0.23600000000000002,0.111,0.121,0.457,12.7,91.2,117.9,-6.0,1.4,101,-0.2
217,Colin Moran,592567,2021,PIT,359.0,3B,26.0,31.0,24.0,28.0,43.0,23.0,43.0,40.0,27.0,29.0,66.0,35.0,8.0,,0.318,0.314,0.004,0.258,0.244,0.014,0.39,0.39,0.0,0.242,0.1,0.113,0.37200000000000005,8.1,89.1,110.2,-3.0,1.5,98,-0.2
218,Alec Bohm,664761,2021,PHI,417.0,3B,34.0,70.0,32.0,23.0,46.0,23.0,32.0,89.0,90.0,18.0,29.0,36.0,68.0,17.0,0.285,0.316,-0.031,0.247,0.264,-0.017,0.342,0.396,-0.054,0.266,0.07400000000000001,0.11699999999999999,0.495,6.6,92.0,111.6,-3.0,3.6,75,-0.2
219,Carlos Santana,467793,2021,KCR,659.0,1B,58.0,35.0,46.0,51.0,70.0,56.0,33.0,60.0,55.0,85.0,92.0,69.0,16.0,63.0,0.294,0.334,-0.04,0.214,0.244,-0.03,0.342,0.42,-0.078,0.155,0.131,0.08900000000000001,0.419,6.8,89.9,111.2,1.0,2.1,83,-0.3
220,Maikel Franco,596748,2021,BAL,403.0,3B,3.0,12.0,10.0,16.0,1.0,18.0,21.0,29.0,17.0,77.0,5.0,55.0,17.0,22.0,0.263,0.269,-0.006,0.21,0.224,-0.014,0.355,0.344,0.011,0.166,0.05,0.113,0.33899999999999997,5.1,88.2,113.9,-2.0,0.9,62,-0.3
221,Willi Castro,650489,2021,DET,450.0,2B,12.0,35.0,17.0,17.0,11.0,18.0,23.0,4.0,7.0,29.0,6.0,21.0,89.0,41.0,0.271,0.29,-0.019,0.22,0.244,-0.024,0.351,0.364,-0.013,0.242,0.051,0.153,0.294,5.2,85.6,115.4,0.0,6.9,69,-0.4
222,Andrelton Simmons,592743,2021,MIN,451.0,SS,1.0,18.0,0.0,0.0,9.0,1.0,1.0,1.0,1.0,92.0,26.0,91.0,32.0,99.0,0.252,0.261,-0.009,0.223,0.23,-0.007,0.274,0.281,-0.007,0.13699999999999998,0.071,0.069,0.215,0.6,84.1,108.2,16.0,2.1,56,-0.5
223,Victor Robles,645302,2021,WSN,369.0,CF,10.0,6.0,3.0,9.0,43.0,3.0,7.0,2.0,5.0,40.0,52.0,43.0,82.0,63.0,0.274,0.288,-0.014,0.203,0.216,-0.013,0.295,0.314,-0.019,0.23,0.08900000000000001,0.111,0.272,2.6,84.1,108.3,1.0,4.7,67,-0.5
224,Dominic Smith,642086,2021,NYM,493.0,LF,47.0,63.0,45.0,38.0,46.0,35.0,31.0,42.0,48.0,41.0,18.0,31.0,33.0,1.0,0.291,0.324,-0.033,0.244,0.262,-0.018,0.363,0.419,-0.056,0.22699999999999998,0.065,0.13,0.40299999999999997,6.5,89.0,109.5,-10.0,2.1,86,-0.5
225,Miguel Cabrera,408234,2021,DET,526.0,1B,29.0,16.0,40.0,54.0,11.0,48.0,46.0,85.0,86.0,43.0,32.0,42.0,9.0,,0.305,0.313,-0.008,0.256,0.231,0.025,0.386,0.415,-0.029,0.22399999999999998,0.076,0.11599999999999999,0.49,8.3,91.4,112.6,-1.0,0.9,92,-0.7
226,Victor Caratini,605170,2021,SDP,356.0,,10.0,14.0,13.0,19.0,32.0,18.0,33.0,67.0,71.0,39.0,63.0,42.0,16.0,,0.273,0.29,-0.017,0.227,0.227,0.0,0.323,0.354,-0.031,0.23,0.098,0.106,0.43799999999999994,6.8,90.0,112.5,,2.6,72,-0.7
227,Jurickson Profar,595777,2021,SDP,412.0,2B,22.0,25.0,5.0,4.0,65.0,4.0,7.0,4.0,9.0,82.0,86.0,87.0,35.0,4.0,0.292,0.302,-0.01,0.227,0.238,-0.011,0.32,0.323,-0.003,0.158,0.11900000000000001,0.07400000000000001,0.295,2.7,85.3,107.6,-7.0,4.9,85,-0.7
228,Jarred Kelenic,672284,2021,SEA,377.0,CF,31.0,8.0,41.0,62.0,18.0,36.0,65.0,19.0,38.0,11.0,61.0,35.0,54.0,22.0,0.27,0.31,-0.04,0.181,0.218,-0.037,0.35,0.408,-0.058,0.281,0.095,0.11800000000000001,0.392,9.9,87.5,110.9,-2.0,4.3,73,-0.7
229,Jackie Bradley Jr.,598265,2021,MIL,428.0,CF,0.0,1.0,1.0,6.0,1.0,13.0,20.0,60.0,49.0,6.0,18.0,5.0,55.0,86.0,0.224,0.257,-0.033,0.163,0.198,-0.035,0.261,0.294,-0.033,0.308,0.065,0.155,0.40299999999999997,5.0,89.7,108.4,4.0,6.0,35,-0.8
230,Cody Bellinger,641355,2021,LAD,350.0,CF,5.0,3.0,14.0,35.0,4.0,18.0,38.0,50.0,20.0,17.0,50.0,17.0,74.0,74.0,0.237,0.281,-0.044,0.165,0.208,-0.043,0.302,0.357,-0.055,0.26899999999999996,0.08900000000000001,0.142,0.344,7.1,89.3,107.4,2.0,5.0,48,-0.8
231,Gregory Polanco,570256,2021,PIT,382.0,RF,34.0,19.0,42.0,53.0,29.0,36.0,62.0,64.0,84.0,15.0,59.0,15.0,56.0,22.0,0.275,0.315,-0.04,0.208,0.231,-0.023,0.354,0.409,-0.055,0.272,0.094,0.132,0.479,9.6,89.9,116.2,-2.0,6.0,71,-1.2
